{"cameraMode":{"drawMode":0,"name":"Shaded","section":"Shading Mode"},"sceneLighting":true,"audioPlay":false,"sceneViewState":{"showFog":true,"showMaterialUpdate":false,"showSkybox":true,"showFlares":true,"showImageEffects":true,"showParticleSystems":true},"in2DMode":false,"pivot":{"x":1.7067292928695679,"y":-15.330105781555176,"z":9.346925735473633},"rotation":{"x":-0.4350416660308838,"y":0.07780226320028305,"z":-0.03776884824037552,"w":-0.8962562680244446},"size":27.581926345825197,"orthographic":false}