{"cameraMode":{"drawMode":0,"name":"Shaded","section":"Shading Mode"},"sceneLighting":false,"audioPlay":false,"sceneViewState":{"showFog":true,"showMaterialUpdate":false,"showSkybox":false,"showFlares":true,"showImageEffects":true,"showParticleSystems":true},"in2DMode":false,"pivot":{"x":5.985767364501953,"y":0.5302481651306152,"z":-1.3209972381591797},"rotation":{"x":0.11619509756565094,"y":0.026712540537118913,"z":-0.0031264221761375667,"w":0.9928662776947022},"size":0.9774826169013977,"orthographic":false}