{"cameraMode":{"drawMode":0,"name":"Shaded","section":"Shading Mode"},"sceneLighting":true,"audioPlay":false,"sceneViewState":{"showFog":true,"showMaterialUpdate":true,"showSkybox":true,"showFlares":true,"showImageEffects":true,"showParticleSystems":true},"in2DMode":false,"pivot":{"x":-29.506628036499025,"y":-10.477787017822266,"z":14.457622528076172},"rotation":{"x":0.09915614873170853,"y":-0.7934126257896423,"z":0.13440655171871186,"w":0.585330069065094},"size":29.998611450195314,"orthographic":false}