{"cameraMode":{"drawMode":0,"name":"Shaded","section":"Shading Mode"},"sceneLighting":true,"audioPlay":false,"sceneViewState":{"showFog":true,"showMaterialUpdate":false,"showSkybox":true,"showFlares":true,"showImageEffects":true,"showParticleSystems":true},"in2DMode":false,"pivot":{"x":2.2394449710845949,"y":1.2966814041137696,"z":12.361366271972657},"rotation":{"x":-0.38618797063827517,"y":-0.26618167757987978,"z":0.11743520200252533,"w":-0.8753404021263123},"size":8.181612014770508,"orthographic":false}